{"desktopweb":{"platform":"desktopweb","indexjl":"js","appName":"NewsAndWeather","buildWar":"false","librarymode":"js","devicemessage":"Unknown Error Occurred <br/> Contact System Admin","deviceexception":"This device is currently not supported","webmanifest":"webmanifest","themecolor":"#FF0000","appleicon":"voltmx_48.png","enableProgressiveWeb":"true","importjsfiles":[],"javascripterrormsg":"To use this site, first enable your browser's JavaScript support and then refresh this page.","version":"2.0.1","category":"desktopweb/","bgcolor":"#ffffff","cssLazyLoad":true,"customFontsList":["FontAwesome","Karbon-Light","Karbon-Medium","Karbon-Regular","karbon-bold-webfont","karbon-bold","karbon-medium-webfont"],"customFontsUrlList":["url('desktopweb/FontAwesome.ttf'), url('desktopweb/FontAwesome.eot')","url('desktopweb/Karbon-Light.ttf'), url('desktopweb/Karbon-Light.eot')","url('desktopweb/Karbon-Medium.ttf'), url('desktopweb/Karbon-Medium.eot')","url('desktopweb/Karbon-Regular.ttf'), url('desktopweb/Karbon-Regular.eot')","url('desktopweb/karbon-bold-webfont.ttf'), url('desktopweb/karbon-bold-webfont.eot')","url('desktopweb/karbon-bold.ttf'), url('desktopweb/karbon-bold.eot')","url('desktopweb/karbon-medium-webfont.ttf'), url('desktopweb/karbon-medium-webfont.eot')"],"fontsObj":{"FontAwesome":"url('desktopweb/FontAwesome.ttf'), url('desktopweb/FontAwesome.eot')","Karbon-Light":"url('desktopweb/Karbon-Light.ttf'), url('desktopweb/Karbon-Light.eot')","Karbon-Medium":"url('desktopweb/Karbon-Medium.ttf'), url('desktopweb/Karbon-Medium.eot')","Karbon-Regular":"url('desktopweb/Karbon-Regular.ttf'), url('desktopweb/Karbon-Regular.eot')","karbon-bold-webfont":"url('desktopweb/karbon-bold-webfont.ttf'), url('desktopweb/karbon-bold-webfont.eot')","karbon-bold":"url('desktopweb/karbon-bold.ttf'), url('desktopweb/karbon-bold.eot')","karbon-medium-webfont":"url('desktopweb/karbon-medium-webfont.ttf'), url('desktopweb/karbon-medium-webfont.eot')"},"style":"width: 100%; margin: 0px; padding: 0px;","bodyalign":"left","bodyAttrs":"style = \"width: 100%; margin: 0px; padding: 0px;\" bodyalign = \"left\"aria-busy=\"true\" aria-live=\"polite\" aria-relevant=\"additions\" aria-atomic=\"false\"","enablexfsdw":false,"enablexfs":"false","isDebug":"true","csslist":[],"jslist":[],"enableViewportZooming":false,"webcsslist":[],"webjslist":[],"webheadertags":[],"htmlAttrs":"","ieMetaTag":"<meta http-equiv=\"X-UA-Compatble\" content=\"IE=edge\">","headPageFileName":"250625992/desktopweb/head.html","bodyPageFileName":"250625992/desktopweb/body.html","baseTag":"<base href= \"/apps/NewsAndWeather/250625992/\" target = \"_blank\"/>","baseLocalTag":"<base href= \"./\" target = \"_blank\"/>"},"indexPage":{"headPageFileName":"250625992/desktopweb/head.html","bodyPageFileName":"250625992/desktopweb/body.html","baseTag":"<base href= \"/apps/NewsAndWeather/250625992/\" target = \"_blank\"/>","ieMetaTag":"<meta http-equiv=\"X-UA-Compatble\" content=\"IE=edge\">","htmlAttrs":"","bodyAttrs":"style = \"width: 100%; margin: 0px; padding: 0px;\" bodyalign = \"left\"aria-busy=\"true\" aria-live=\"polite\" aria-relevant=\"additions\" aria-atomic=\"false\""},"appconfig":{"buildoption":"release","applocales":"","spa":"desktopweb","appid":"NewsAndWeather","devicedblookup":"false","smsecure":"","cacheId":"250625992","cacheUrl":"NewsAndWeather/250625992"}}